id,email,password,first_name,last_name,birthday,billing_add,billing_gps_coord,photo_url,home_add,home_gps_coord,phone,website_url,about_me,interests,gender,matching_option
1,cristal.sawyer@gmail.com,UP583H,Cristal,Sawyer,1983-03-05,"18, Percival Terrace, Holland Park, Brisbane City, QLD 4121","lat: -27.512700, lng: 153.059780",https://whatsondisneyplus.com/wp-content/uploads/2021/09/bart-.png,"18, Percival Terrace, Holland Park, Brisbane City, QLD 4121","lat: -27.512700, lng: 153.059780",0488 999 222,www.facebook.com/cristalsawyer,"Pellentesque sollicitudin, dui ut vestibulum feugiat, lacus augue dapibus nisi, non facilisis lectus neque in magna. Fusce mollis tristique augue nec egestas. Sed eu dui et metus lacinia finibus in nec ex. Aenean pulvinar enim eu mauris ullamcorper aliquet. Sed fermentum velit vel diam pulvinar, vitae tincidunt eros dignissim. Fusce ut nunc pretium, tincidunt dolor nec, porttitor lacus. Mauris dui ex, placerat ac sem a, gravida lobortis tellus. Quisque rutrum ut purus a viverra. Proin aliquet scelerisque purus bibendum malesuada. Aliquam aliquet mi quis nisi sollicitudin lobortis. Aenean eu efficitur libero, eu aliquam lectus.","Basketball, Golf, Yoga",Female,1
2,cierra.taylor@hotmail.com,KH890N,Cierra,Taylor,1982-10-02,"Saint Andrew’s Grammar School, 4, Hellenic Drive, WA 6059","lat: -31.547040, lng: 115.653230",https://whatsondisneyplus.com/wp-content/uploads/2021/09/lisa.png,"Saint Andrew’s Grammar School, 4, Hellenic Drive, WA 6059","lat: -31.547040, lng: 115.653230",0455 000 222,www.facebook.com/cierrataylor,"Donec ex massa, faucibus ut sapien nec, porta commodo metus. Pellentesque accumsan, nisi non finibus maximus, lectus magna fermentum purus, eget sollicitudin ante justo eleifend neque. Sed sagittis ex sollicitudin, mattis mi id, tincidunt tellus. Nullam eget iaculis tellus. Curabitur eget viverra purus. Phasellus velit leo, sodales ut pretium et, consectetur non est. Morbi sit amet nisi sit amet metus scelerisque posuere in ac ipsum. Vestibulum semper eros mi, sit amet eleifend libero convallis vitae. Fusce accumsan hendrerit mi, eu molestie leo. Sed risus diam, ullamcorper eu sagittis id, rhoncus at nibh. Sed egestas nibh sit amet mauris tincidunt, quis viverra ante ultrices. Sed maximus euismod urna non dapibus. Mauris vitae metus eget ligula gravida pulvinar. Donec iaculis pretium nisi nec semper. Proin dignissim, purus id tempor mattis, metus ante faucibus leo, eu tempor metus urna in quam.","Bowling, Origami, Writing",Female,1
3,haylie.garrett@yahoo.com,LS500I,Haylie,Garrett,1993-08-14,"31, Albert Hill Road, Lilydale, Melbourne, VIC 3140","lat: -37.756450, lng: 145.339730",https://whatsondisneyplus.com/wp-content/uploads/2021/09/maggie.png,"31, Albert Hill Road, Lilydale, Melbourne, VIC 3140","lat: -37.756450, lng: 145.339730",0466 882 156,www.facebook.com/hayliegarrett,"Sed hendrerit ex nec erat luctus feugiat. Proin rhoncus est in enim blandit malesuada. Fusce mattis turpis ac ornare porta. Fusce dictum laoreet sagittis. Nunc et pellentesque urna. Integer maximus ut nibh vel efficitur. Aenean hendrerit consequat enim, sit amet ullamcorper est bibendum sit amet. Fusce egestas ante ac lacinia feugiat. Aenean nec malesuada enim, elementum ornare lorem. Etiam varius, nisi at mattis dapibus, lectus neque dignissim nunc, at tristique velit eros eu ante. Fusce euismod at ligula at tincidunt. Vestibulum tristique commodo diam eget pharetra. Fusce in nibh lobortis, blandit justo vel, pellentesque ipsum. Integer sit amet tincidunt sapien, ut ultricies justo. Nulla non justo sem. Sed sed viverra nisl.",Sudoku,Non-binary,1
4,kadyn.combs@outlook.com,XW136Y,Kadyn,Combs,1989-05-12,"82, Colmslie Road, Murarrie, Brisbane City, QLD 4170","lat: -27.453730, lng: 153.091430",https://whatsondisneyplus.com/wp-content/uploads/2021/09/marge.png,"82, Colmslie Road, Murarrie, Brisbane City, QLD 4170","lat: -27.453730, lng: 153.091430",0485 882 332,www.facebook.com/kadyncombs,"Pellentesque sollicitudin, dui ut vestibulum feugiat, lacus augue dapibus nisi, non facilisis lectus neque in magna. Fusce mollis tristique augue nec egestas. Sed eu dui et metus lacinia finibus in nec ex. Aenean pulvinar enim eu mauris ullamcorper aliquet. Sed fermentum velit vel diam pulvinar, vitae tincidunt eros dignissim. Fusce ut nunc pretium, tincidunt dolor nec, porttitor lacus. Mauris dui ex, placerat ac sem a, gravida lobortis tellus. Quisque rutrum ut purus a viverra. Proin aliquet scelerisque purus bibendum malesuada. Aliquam aliquet mi quis nisi sollicitudin lobortis. Aenean eu efficitur libero, eu aliquam lectus.","Magic, Drawing, Sculpture, Programming",Female,1
5,brooklyn.white@gmail.com,TM196S,Brooklyn,White,1993-08-19,"3, Gresham Avenue, Hills District, West Pennant Hills, Sydney, NSW 2125","lat: -33.7544199,lng: 151.0414216",https://i.pinimg.com/736x/a9/e5/dc/a9e5dc61a7865b299f16e7aa1f44966e.jpg,"3, Gresham Avenue, Hills District, West Pennant Hills, Sydney, NSW 2125","lat: -33.7544199,lng: 151.0414216",0466 881 567,www.facebook.com/brooklynwhite,"Donec ex massa, faucibus ut sapien nec, porta commodo metus. Pellentesque accumsan, nisi non finibus maximus, lectus magna fermentum purus, eget sollicitudin ante justo eleifend neque. Sed sagittis ex sollicitudin, mattis mi id, tincidunt tellus. Nullam eget iaculis tellus. Curabitur eget viverra purus. Phasellus velit leo, sodales ut pretium et, consectetur non est. Morbi sit amet nisi sit amet metus scelerisque posuere in ac ipsum. Vestibulum semper eros mi, sit amet eleifend libero convallis vitae. Fusce accumsan hendrerit mi, eu molestie leo. Sed risus diam, ullamcorper eu sagittis id, rhoncus at nibh. Sed egestas nibh sit amet mauris tincidunt, quis viverra ante ultrices. Sed maximus euismod urna non dapibus. Mauris vitae metus eget ligula gravida pulvinar. Donec iaculis pretium nisi nec semper. Proin dignissim, purus id tempor mattis, metus ante faucibus leo, eu tempor metus urna in quam.","Writing, Badminton, Soccer",Female,1
6,leon.case@hotmail.com,UN655Z,Leon,Case,1992-01-16,"32, Rosebery Road, Duncraig Estate, Hills District, Kellyville, Sydney, NSW 2155","lat: -33.7036504, lng: 150.9687149",https://www.liveabout.com/thmb/D0Zu8Kn50GVjGABrUSe6FKyiYc0=/1200x1200/smart/filters:no_upscale()/peter_2008_v2F_hires1-56a00f083df78cafda9fdcb6.jpg,"32, Rosebery Road, Duncraig Estate, Hills District, Kellyville, Sydney, NSW 2155","lat: -33.7036504, lng: 150.9687149",0412 213 255,www.facebook.com/leoncase,"Sed hendrerit ex nec erat luctus feugiat. Proin rhoncus est in enim blandit malesuada. Fusce mattis turpis ac ornare porta. Fusce dictum laoreet sagittis. Nunc et pellentesque urna. Integer maximus ut nibh vel efficitur. Aenean hendrerit consequat enim, sit amet ullamcorper est bibendum sit amet. Fusce egestas ante ac lacinia feugiat. Aenean nec malesuada enim, elementum ornare lorem. Etiam varius, nisi at mattis dapibus, lectus neque dignissim nunc, at tristique velit eros eu ante. Fusce euismod at ligula at tincidunt. Vestibulum tristique commodo diam eget pharetra. Fusce in nibh lobortis, blandit justo vel, pellentesque ipsum. Integer sit amet tincidunt sapien, ut ultricies justo. Nulla non justo sem. Sed sed viverra nisl.","Poetry, Bingo, Baking, BBQ",Male,0
7,terrence.ballard@yahoo.com,HR516E,Terrence,Ballard,2000-09-01,"24, Whytecliffe Street, Albion, Brisbane City, QLD 4010","lat: -27.4292591, lng: 153.0434995",https://resizing.flixster.com/Ck5Km5XAWhoks2ai9l2sy6IYbYE=/300x300/v2/https://flxt.tmsimg.com/assets/p12142594_e_v8_ab.jpg,"24, Whytecliffe Street, Albion, Brisbane City, QLD 4010","lat: -27.4292591, lng: 153.0434995",0485 887 110,www.facebook.com/terrenceballard,"Pellentesque sollicitudin, dui ut vestibulum feugiat, lacus augue dapibus nisi, non facilisis lectus neque in magna. Fusce mollis tristique augue nec egestas. Sed eu dui et metus lacinia finibus in nec ex. Aenean pulvinar enim eu mauris ullamcorper aliquet. Sed fermentum velit vel diam pulvinar, vitae tincidunt eros dignissim. Fusce ut nunc pretium, tincidunt dolor nec, porttitor lacus. Mauris dui ex, placerat ac sem a, gravida lobortis tellus. Quisque rutrum ut purus a viverra. Proin aliquet scelerisque purus bibendum malesuada. Aliquam aliquet mi quis nisi sollicitudin lobortis. Aenean eu efficitur libero, eu aliquam lectus.","Cocktails, Video Game, Singing, Boxing",Male,0
8,gordon.mccarty@outlook.com,OC988F,Gordon,Mccarty,1993-06-28,"3A, Stuart Street, Upper North Shore, Wahroonga, Sydney, NSW 2076","lat: -33.7151193, lng: 151.1170976",https://resizing.flixster.com/eLs7U5jCTOucsJpIlmg7aBE5XsY=/300x300/v2/https://flxt.tmsimg.com/assets/p2199766_e_h9_ad.jpg,"3A, Stuart Street, Upper North Shore, Wahroonga, Sydney, NSW 2076","lat: -33.7151193, lng: 151.1170976",0411 800 222,www.facebook.com/gordonmccarty,"Donec ex massa, faucibus ut sapien nec, porta commodo metus. Pellentesque accumsan, nisi non finibus maximus, lectus magna fermentum purus, eget sollicitudin ante justo eleifend neque. Sed sagittis ex sollicitudin, mattis mi id, tincidunt tellus. Nullam eget iaculis tellus. Curabitur eget viverra purus. Phasellus velit leo, sodales ut pretium et, consectetur non est. Morbi sit amet nisi sit amet metus scelerisque posuere in ac ipsum. Vestibulum semper eros mi, sit amet eleifend libero convallis vitae. Fusce accumsan hendrerit mi, eu molestie leo. Sed risus diam, ullamcorper eu sagittis id, rhoncus at nibh. Sed egestas nibh sit amet mauris tincidunt, quis viverra ante ultrices. Sed maximus euismod urna non dapibus. Mauris vitae metus eget ligula gravida pulvinar. Donec iaculis pretium nisi nec semper. Proin dignissim, purus id tempor mattis, metus ante faucibus leo, eu tempor metus urna in quam.","Blogging, Singing, Baking, Sketching",Male,1
9,johnathon.sanchez@gmail.com,CL715Y,Johnathon,Sanchez,1999-09-21,"116, Ryde Road, Upper North Shore, Pymble, Sydney, NSW 2073","lat: -33.7572985, lng: 151.135787",https://i.pinimg.com/736x/07/de/69/07de69e17c04c1b46345709deb335c44.jpg,"116, Ryde Road, Upper North Shore, Pymble, Sydney, NSW 2073","lat: -33.7572985, lng: 151.135787",0499 500 800,www.facebook.com/johnathonsanchez,"Sed hendrerit ex nec erat luctus feugiat. Proin rhoncus est in enim blandit malesuada. Fusce mattis turpis ac ornare porta. Fusce dictum laoreet sagittis. Nunc et pellentesque urna. Integer maximus ut nibh vel efficitur. Aenean hendrerit consequat enim, sit amet ullamcorper est bibendum sit amet. Fusce egestas ante ac lacinia feugiat. Aenean nec malesuada enim, elementum ornare lorem. Etiam varius, nisi at mattis dapibus, lectus neque dignissim nunc, at tristique velit eros eu ante. Fusce euismod at ligula at tincidunt. Vestibulum tristique commodo diam eget pharetra. Fusce in nibh lobortis, blandit justo vel, pellentesque ipsum. Integer sit amet tincidunt sapien, ut ultricies justo. Nulla non justo sem. Sed sed viverra nisl.","Taekwondo, Boxing",Male,0
10,riley.fletcher@hotmail.com,YO817J,Riley,Fletcher,1999-10-14,"Beaudesert Rifle Club, 303, Spengler Road, QLD 4285","lat: -27.9971522, lng: 153.0658374",https://img.freepik.com/vetores-premium/design-de-avatar-de-pessoa_24877-38135.jpg?w=2000,"Beaudesert Rifle Club, 303, Spengler Road, QLD 4285","lat: -27.9971522, lng: 153.0658374",0489 500 222,www.facebook.com/rileyfletcher,"Pellentesque sollicitudin, dui ut vestibulum feugiat, lacus augue dapibus nisi, non facilisis lectus neque in magna. Fusce mollis tristique augue nec egestas. Sed eu dui et metus lacinia finibus in nec ex. Aenean pulvinar enim eu mauris ullamcorper aliquet. Sed fermentum velit vel diam pulvinar, vitae tincidunt eros dignissim. Fusce ut nunc pretium, tincidunt dolor nec, porttitor lacus. Mauris dui ex, placerat ac sem a, gravida lobortis tellus. Quisque rutrum ut purus a viverra. Proin aliquet scelerisque purus bibendum malesuada. Aliquam aliquet mi quis nisi sollicitudin lobortis. Aenean eu efficitur libero, eu aliquam lectus.","Football, Programming, Blogging",Male,1
11,jovani.hester@yahoo.com,AH558X,Jovani,Hester,1984-01-13,"59A, Isabella Street, North Parramatta, Sydney, NSW 2151","lat: -33.8042316, lng: 151.0144284",https://mir-s3-cdn-cf.behance.net/project_modules/disp/10f13510774061.560eadfde5b61.png,"59A, Isabella Street, North Parramatta, Sydney, NSW 2151","lat: -33.8042316, lng: 151.0144284",0488 222 156,www.facebook.com/jovanihester,"Donec ex massa, faucibus ut sapien nec, porta commodo metus. Pellentesque accumsan, nisi non finibus maximus, lectus magna fermentum purus, eget sollicitudin ante justo eleifend neque. Sed sagittis ex sollicitudin, mattis mi id, tincidunt tellus. Nullam eget iaculis tellus. Curabitur eget viverra purus. Phasellus velit leo, sodales ut pretium et, consectetur non est. Morbi sit amet nisi sit amet metus scelerisque posuere in ac ipsum. Vestibulum semper eros mi, sit amet eleifend libero convallis vitae. Fusce accumsan hendrerit mi, eu molestie leo. Sed risus diam, ullamcorper eu sagittis id, rhoncus at nibh. Sed egestas nibh sit amet mauris tincidunt, quis viverra ante ultrices. Sed maximus euismod urna non dapibus. Mauris vitae metus eget ligula gravida pulvinar. Donec iaculis pretium nisi nec semper. Proin dignissim, purus id tempor mattis, metus ante faucibus leo, eu tempor metus urna in quam.","Dancing, Taekwondo, Rugby, Soccer",Non-binary,1
12,maya.bright@outlook.com,TC156F,Maya,Bright,1979-06-15,"32, Constitution Road, Windsor, Brisbane City, QLD 4030","lat: -27.4323886, lng: 153.0277693",https://mir-s3-cdn-cf.behance.net/project_modules/disp/200f2910774061.560eac1cd606c.png,"32, Constitution Road, Windsor, Brisbane City, QLD 4030","lat: -27.4323886, lng: 153.0277693",0489 555 489,www.facebook.com/mayabright,"Sed hendrerit ex nec erat luctus feugiat. Proin rhoncus est in enim blandit malesuada. Fusce mattis turpis ac ornare porta. Fusce dictum laoreet sagittis. Nunc et pellentesque urna. Integer maximus ut nibh vel efficitur. Aenean hendrerit consequat enim, sit amet ullamcorper est bibendum sit amet. Fusce egestas ante ac lacinia feugiat. Aenean nec malesuada enim, elementum ornare lorem. Etiam varius, nisi at mattis dapibus, lectus neque dignissim nunc, at tristique velit eros eu ante. Fusce euismod at ligula at tincidunt. Vestibulum tristique commodo diam eget pharetra. Fusce in nibh lobortis, blandit justo vel, pellentesque ipsum. Integer sit amet tincidunt sapien, ut ultricies justo. Nulla non justo sem. Sed sed viverra nisl.","Car Games, Sightseeing, Bingo",Female,0
13,nelson.blair@gmail.com,UZ638H,Nelson,Blair,1987-01-14,"ABC Tissue Products Pty Ltd, 30-36, Redfern Street, Wetherill Park, Sydney, NSW 2164","lat: -33.8434386, lng: 150.9158725",https://www.shareicon.net/data/512x512/2016/08/05/807319_gaming_512x512.png,"ABC Tissue Products Pty Ltd, 30-36, Redfern Street, Wetherill Park, Sydney, NSW 2164","lat: -33.8434386, lng: 150.9158725",0466 222 145,www.facebook.com/nelsonblair,"Pellentesque sollicitudin, dui ut vestibulum feugiat, lacus augue dapibus nisi, non facilisis lectus neque in magna. Fusce mollis tristique augue nec egestas. Sed eu dui et metus lacinia finibus in nec ex. Aenean pulvinar enim eu mauris ullamcorper aliquet. Sed fermentum velit vel diam pulvinar, vitae tincidunt eros dignissim. Fusce ut nunc pretium, tincidunt dolor nec, porttitor lacus. Mauris dui ex, placerat ac sem a, gravida lobortis tellus. Quisque rutrum ut purus a viverra. Proin aliquet scelerisque purus bibendum malesuada. Aliquam aliquet mi quis nisi sollicitudin lobortis. Aenean eu efficitur libero, eu aliquam lectus.","Magic, Acting, Carving",Male,0
14,neil.wolfe@hotmail.com,JB160W,Neil,Wolfe,1979-02-17,"1A, Murdoch Street, Ermington, Sydney, NSW 2115","lat: -33.8131774, lng: 151.0585251",https://dspncdn.com/a1/media/692x/ac/dc/a4/acdca4d052717263f5c504d017251c8c.jpg,"1A, Murdoch Street, Ermington, Sydney, NSW 2115","lat: -33.8131774, lng: 151.0585251",0415 253 999,www.facebook.com/neilwolfe,"Donec ex massa, faucibus ut sapien nec, porta commodo metus. Pellentesque accumsan, nisi non finibus maximus, lectus magna fermentum purus, eget sollicitudin ante justo eleifend neque. Sed sagittis ex sollicitudin, mattis mi id, tincidunt tellus. Nullam eget iaculis tellus. Curabitur eget viverra purus. Phasellus velit leo, sodales ut pretium et, consectetur non est. Morbi sit amet nisi sit amet metus scelerisque posuere in ac ipsum. Vestibulum semper eros mi, sit amet eleifend libero convallis vitae. Fusce accumsan hendrerit mi, eu molestie leo. Sed risus diam, ullamcorper eu sagittis id, rhoncus at nibh. Sed egestas nibh sit amet mauris tincidunt, quis viverra ante ultrices. Sed maximus euismod urna non dapibus. Mauris vitae metus eget ligula gravida pulvinar. Donec iaculis pretium nisi nec semper. Proin dignissim, purus id tempor mattis, metus ante faucibus leo, eu tempor metus urna in quam.","Boxing, Darts, Soccer",Male,1
15,addyson.davies@yahoo.com,DV513P,Addyson,Davies,1989-06-23,"62, Ninth Avenue South, Sutherland Shire, Loftus, Sydney, NSW 2232","lat: -34.0517484, lng: 151.0383514",https://cdn1.iconfinder.com/data/icons/video-games-flat-design-video-game-icon-with-simpl/117/gaming-girl-512.png,"62, Ninth Avenue South, Sutherland Shire, Loftus, Sydney, NSW 2232","lat: -34.0517484, lng: 151.0383514",0466 200 531,www.facebook.com/addysondavies,"Sed hendrerit ex nec erat luctus feugiat. Proin rhoncus est in enim blandit malesuada. Fusce mattis turpis ac ornare porta. Fusce dictum laoreet sagittis. Nunc et pellentesque urna. Integer maximus ut nibh vel efficitur. Aenean hendrerit consequat enim, sit amet ullamcorper est bibendum sit amet. Fusce egestas ante ac lacinia feugiat. Aenean nec malesuada enim, elementum ornare lorem. Etiam varius, nisi at mattis dapibus, lectus neque dignissim nunc, at tristique velit eros eu ante. Fusce euismod at ligula at tincidunt. Vestibulum tristique commodo diam eget pharetra. Fusce in nibh lobortis, blandit justo vel, pellentesque ipsum. Integer sit amet tincidunt sapien, ut ultricies justo. Nulla non justo sem. Sed sed viverra nisl.","Bowling, Origami, Writing",Non-binary,1
16,diamond.oneal@outlook.com,VE918T,Diamond,Oneal,1983-11-15,"7, Rosella Street, Dural, Sydney, NSW 2158","lat: -33.6799171, lng: 151.0519973",https://64.media.tumblr.com/7344adf8e9f50da39749ee5a276036a3/tumblr_plhy9hyJKE1wzh093o1_1280.jpg,"7, Rosella Street, Dural, Sydney, NSW 2158","lat: -33.6799171, lng: 151.0519973",0431 235 111,www.facebook.com/diamondoneal,"Pellentesque sollicitudin, dui ut vestibulum feugiat, lacus augue dapibus nisi, non facilisis lectus neque in magna. Fusce mollis tristique augue nec egestas. Sed eu dui et metus lacinia finibus in nec ex. Aenean pulvinar enim eu mauris ullamcorper aliquet. Sed fermentum velit vel diam pulvinar, vitae tincidunt eros dignissim. Fusce ut nunc pretium, tincidunt dolor nec, porttitor lacus. Mauris dui ex, placerat ac sem a, gravida lobortis tellus. Quisque rutrum ut purus a viverra. Proin aliquet scelerisque purus bibendum malesuada. Aliquam aliquet mi quis nisi sollicitudin lobortis. Aenean eu efficitur libero, eu aliquam lectus.","Poetry, Bingo, Baking, BBQ",Female,1
17,phoenix.buck@gmail.com,ZT892L,Phoenix,Buck,1985-09-04,"21, John Street, Rydalmere, Sydney, NSW 2116","lat: -33.8180775, lng: 151.0437869",https://www.meme-arsenal.com/memes/d0fc32a3f3479c185d11e05d730bc541.jpg,"21, John Street, Rydalmere, Sydney, NSW 2116","lat: -33.8180775, lng: 151.0437869",0456 888 456,www.facebook.com/phoenixbuck,"Donec ex massa, faucibus ut sapien nec, porta commodo metus. Pellentesque accumsan, nisi non finibus maximus, lectus magna fermentum purus, eget sollicitudin ante justo eleifend neque. Sed sagittis ex sollicitudin, mattis mi id, tincidunt tellus. Nullam eget iaculis tellus. Curabitur eget viverra purus. Phasellus velit leo, sodales ut pretium et, consectetur non est. Morbi sit amet nisi sit amet metus scelerisque posuere in ac ipsum. Vestibulum semper eros mi, sit amet eleifend libero convallis vitae. Fusce accumsan hendrerit mi, eu molestie leo. Sed risus diam, ullamcorper eu sagittis id, rhoncus at nibh. Sed egestas nibh sit amet mauris tincidunt, quis viverra ante ultrices. Sed maximus euismod urna non dapibus. Mauris vitae metus eget ligula gravida pulvinar. Donec iaculis pretium nisi nec semper. Proin dignissim, purus id tempor mattis, metus ante faucibus leo, eu tempor metus urna in quam.","Cocktails, Video Game, Singing, Boxing",Male,0
18,wendy.snow@hotmail.com,JN535E,Wendy,Snow,1981-05-02,"5, Fairlight Avenue, Upper North Shore, East Killara, Sydney, NSW 2071","lat: -33.7616538, lng: 151.1716098",https://us.123rf.com/450wm/yusufdemirci/yusufdemirci1912/yusufdemirci191200228/136093677-little-happy-kid-using-technology.jpg?ver=6,"5, Fairlight Avenue, Upper North Shore, East Killara, Sydney, NSW 2071","lat: -33.7616538, lng: 151.1716098",0477 200 666,www.facebook.com/wendysnow,"Sed hendrerit ex nec erat luctus feugiat. Proin rhoncus est in enim blandit malesuada. Fusce mattis turpis ac ornare porta. Fusce dictum laoreet sagittis. Nunc et pellentesque urna. Integer maximus ut nibh vel efficitur. Aenean hendrerit consequat enim, sit amet ullamcorper est bibendum sit amet. Fusce egestas ante ac lacinia feugiat. Aenean nec malesuada enim, elementum ornare lorem. Etiam varius, nisi at mattis dapibus, lectus neque dignissim nunc, at tristique velit eros eu ante. Fusce euismod at ligula at tincidunt. Vestibulum tristique commodo diam eget pharetra. Fusce in nibh lobortis, blandit justo vel, pellentesque ipsum. Integer sit amet tincidunt sapien, ut ultricies justo. Nulla non justo sem. Sed sed viverra nisl.","Blogging, Singing, Baking, Sketching",Female,1
19,averie.todd@yahoo.com,VJ438C,Averie,Todd,1985-12-20,"18, Percival Terrace, Holland Park, Brisbane City, QLD 4121","lat: -27.5126837, lng: 153.0575749",https://thumbs.dreamstime.com/b/kid-vr-glasses-headset-play-virtual-reality-technology-vector-illustration-cartoon-boy-gamer-character-playing-cyber-game-242179852.jpg,"18, Percival Terrace, Holland Park, Brisbane City, QLD 4121","lat: -27.5126837, lng: 153.0575749",0423 400 123,www.facebook.com/averietodd,"Pellentesque sollicitudin, dui ut vestibulum feugiat, lacus augue dapibus nisi, non facilisis lectus neque in magna. Fusce mollis tristique augue nec egestas. Sed eu dui et metus lacinia finibus in nec ex. Aenean pulvinar enim eu mauris ullamcorper aliquet. Sed fermentum velit vel diam pulvinar, vitae tincidunt eros dignissim. Fusce ut nunc pretium, tincidunt dolor nec, porttitor lacus. Mauris dui ex, placerat ac sem a, gravida lobortis tellus. Quisque rutrum ut purus a viverra. Proin aliquet scelerisque purus bibendum malesuada. Aliquam aliquet mi quis nisi sollicitudin lobortis. Aenean eu efficitur libero, eu aliquam lectus.","Taekwondo, Boxing",Female,1
20,elisabeth.leblanc@outlook.com,FX994X,Elisabeth,Leblanc,1987-09-02,"Lakeland Senior High School, 106, South Lake Drive, WA 6164","lat: -32.1090554, lng: 115.8437213",https://us.123rf.com/450wm/colorfuelstudio/colorfuelstudio2001/colorfuelstudio200101752/138519719-happy-cute-kid-girl-listen-good-music.jpg?ver=6,"Lakeland Senior High School, 106, South Lake Drive, WA 6164","lat: -32.1090554, lng: 115.8437213",0411 200 845,www.facebook.com/elisabethleblanc,"Donec ex massa, faucibus ut sapien nec, porta commodo metus. Pellentesque accumsan, nisi non finibus maximus, lectus magna fermentum purus, eget sollicitudin ante justo eleifend neque. Sed sagittis ex sollicitudin, mattis mi id, tincidunt tellus. Nullam eget iaculis tellus. Curabitur eget viverra purus. Phasellus velit leo, sodales ut pretium et, consectetur non est. Morbi sit amet nisi sit amet metus scelerisque posuere in ac ipsum. Vestibulum semper eros mi, sit amet eleifend libero convallis vitae. Fusce accumsan hendrerit mi, eu molestie leo. Sed risus diam, ullamcorper eu sagittis id, rhoncus at nibh. Sed egestas nibh sit amet mauris tincidunt, quis viverra ante ultrices. Sed maximus euismod urna non dapibus. Mauris vitae metus eget ligula gravida pulvinar. Donec iaculis pretium nisi nec semper. Proin dignissim, purus id tempor mattis, metus ante faucibus leo, eu tempor metus urna in quam.","Football, Programming, Blogging",Female,0
21,promie@lucas-canavan.net,password,Promie,Yutasane,1991-08-07,"21, John Street, Rydalmere, Sydney, NSW 2116","lat: -33.8180775, lng: 151.0437869",https://encrypted-tbn0.gstatic.com/images?q=tbn:ANd9GcRAy3fu8iXLiY6MSa-fZNRVqv8X8w9GskbAfLVZ9_D55xoXq4pDKM7HIkRFZc4IrBvOjak&usqp=CAU,"21, John Street, Rydalmere, Sydney, NSW 2116","lat: -33.8180775, lng: 151.0437869",0435 123 556,www.facebook.com/promieyutasane,"Sed hendrerit ex nec erat luctus feugiat. Proin rhoncus est in enim blandit malesuada. Fusce mattis turpis ac ornare porta. Fusce dictum laoreet sagittis. Nunc et pellentesque urna. Integer maximus ut nibh vel efficitur. Aenean hendrerit consequat enim, sit amet ullamcorper est bibendum sit amet. Fusce egestas ante ac lacinia feugiat. Aenean nec malesuada enim, elementum ornare lorem. Etiam varius, nisi at mattis dapibus, lectus neque dignissim nunc, at tristique velit eros eu ante. Fusce euismod at ligula at tincidunt. Vestibulum tristique commodo diam eget pharetra. Fusce in nibh lobortis, blandit justo vel, pellentesque ipsum. Integer sit amet tincidunt sapien, ut ultricies justo. Nulla non justo sem. Sed sed viverra nisl.","Dancing, Taekwondo, Rugby, Soccer",Male,0
22,rudra@test.com,password,Rudra,Jikadra,1995-08-07,"21, John Street, Rydalmere, Sydney, NSW 2116","lat: -33.8180775, lng: 151.0437869",https://img.freepik.com/premium-vector/kid-boy-is-sitting-wearing-headphones-listening-enjoying-music-vector-illustration-art-doodle-icon-image-kawaii_10606-2851.jpg?w=360,"21, John Street, Rydalmere, Sydney, NSW 2116","lat: -33.8180775, lng: 151.0437869",0466 880 765,www.facebook.com/rudrajikadra,"Pellentesque sollicitudin, dui ut vestibulum feugiat, lacus augue dapibus nisi, non facilisis lectus neque in magna. Fusce mollis tristique augue nec egestas. Sed eu dui et metus lacinia finibus in nec ex. Aenean pulvinar enim eu mauris ullamcorper aliquet. Sed fermentum velit vel diam pulvinar, vitae tincidunt eros dignissim. Fusce ut nunc pretium, tincidunt dolor nec, porttitor lacus. Mauris dui ex, placerat ac sem a, gravida lobortis tellus. Quisque rutrum ut purus a viverra. Proin aliquet scelerisque purus bibendum malesuada. Aliquam aliquet mi quis nisi sollicitudin lobortis. Aenean eu efficitur libero, eu aliquam lectus.","Car Games, Sightseeing, Bingo",Male,1
23,host.testing22@gmail.com,eventloopUNSW22,Amy,Santiago,1989-08-19,"82 Mary Ann St, Ultimo, NSW 2007","lat: -33.8800884, lng: 151.198234",https://img.freepik.com/premium-vector/person-avatar-design_24877-38137.jpg?w=2000,"82 Mary Ann St, Ultimo, NSW 2007","lat: -33.8800884, lng: 151.198234",0466 222 111,www.facebook.com/amysantiago,"Donec ex massa, faucibus ut sapien nec, porta commodo metus. Pellentesque accumsan, nisi non finibus maximus, lectus magna fermentum purus, eget sollicitudin ante justo eleifend neque. Sed sagittis ex sollicitudin, mattis mi id, tincidunt tellus. Nullam eget iaculis tellus. Curabitur eget viverra purus. Phasellus velit leo, sodales ut pretium et, consectetur non est. Morbi sit amet nisi sit amet metus scelerisque posuere in ac ipsum. Vestibulum semper eros mi, sit amet eleifend libero convallis vitae. Fusce accumsan hendrerit mi, eu molestie leo. Sed risus diam, ullamcorper eu sagittis id, rhoncus at nibh. Sed egestas nibh sit amet mauris tincidunt, quis viverra ante ultrices. Sed maximus euismod urna non dapibus. Mauris vitae metus eget ligula gravida pulvinar. Donec iaculis pretium nisi nec semper. Proin dignissim, purus id tempor mattis, metus ante faucibus leo, eu tempor metus urna in quam.","Magic, Drawing, Sculpture, Programming",Female,1
24,customer.testing22@gmail.com,eventloopUNSW22,Joey,Tribbiani,1989-11-16,"9 Dank St, Waterloo, NSW 2017","lat: -33.8980511, lng: 151.2087068",,,,0478 555 222,www.facebook.com/joeytribbiani,"Sed hendrerit ex nec erat luctus feugiat. Proin rhoncus est in enim blandit malesuada. Fusce mattis turpis ac ornare porta. Fusce dictum laoreet sagittis. Nunc et pellentesque urna. Integer maximus ut nibh vel efficitur. Aenean hendrerit consequat enim, sit amet ullamcorper est bibendum sit amet. Fusce egestas ante ac lacinia feugiat. Aenean nec malesuada enim, elementum ornare lorem. Etiam varius, nisi at mattis dapibus, lectus neque dignissim nunc, at tristique velit eros eu ante. Fusce euismod at ligula at tincidunt. Vestibulum tristique commodo diam eget pharetra. Fusce in nibh lobortis, blandit justo vel, pellentesque ipsum. Integer sit amet tincidunt sapien, ut ultricies justo. Nulla non justo sem. Sed sed viverra nisl.","Writing, Badminton, Soccer",Male,1
25,shridhar.prabhuraman@gmail.com,password,Shridhar,Prabhuraman,1989-11-16,"9 Dank St, Waterloo, NSW 2017","lat: -33.8980511, lng: 151.2087068",https://img.freepik.com/premium-vector/person-avatar-design_24877-38130.jpg?w=2000,"9 Dank St, Waterloo, NSW 2017","lat: -33.8980511, lng: 151.2087068",0466 753 111,www.facebook.com/shridharprabhuraman,"Pellentesque sollicitudin, dui ut vestibulum feugiat, lacus augue dapibus nisi, non facilisis lectus neque in magna. Fusce mollis tristique augue nec egestas. Sed eu dui et metus lacinia finibus in nec ex. Aenean pulvinar enim eu mauris ullamcorper aliquet. Sed fermentum velit vel diam pulvinar, vitae tincidunt eros dignissim. Fusce ut nunc pretium, tincidunt dolor nec, porttitor lacus. Mauris dui ex, placerat ac sem a, gravida lobortis tellus. Quisque rutrum ut purus a viverra. Proin aliquet scelerisque purus bibendum malesuada. Aliquam aliquet mi quis nisi sollicitudin lobortis. Aenean eu efficitur libero, eu aliquam lectus.","Dancing, Taewondo, Rugby, Soccer",Male,1
